Workbook
Name \A: #REF!
Name \D: #REF!
Name \E: #REF!
Name \G: '[1]Company Related Premises'!#REF!
Name \H: '[1]Company Related Premises'!#REF!
Name \L: '[1]Company Related Premises'!#REF!
Name \M: '[1]Company Related Premises'!#REF!
Name \N: #REF!
Name \O: #REF!
Name \P: #REF!
Name \Q: #REF!
Name \R: #REF!
Name \S: #REF!
Name \T: #REF!
Name \U: #REF!
Name \V: #REF!
Name \W: #REF!
Name \X: #REF!
Name \xy: #REF!
Name \Y: #REF!
Name \Z: #REF!
Name __PR1: [2]Sheet!#REF!
Name __SR1: #REF!
Name __SR2: #REF!
Name _PR1: [2]Sheet!#REF!
Name _SR1: #REF!
Name _SR2: #REF!
Name aa: #REF!
Name aaa: #REF!
Name abcd: #REF!
Name All: #REF!
Name ANLAGE_III: [3]Anlagevermögen!$A$1:$Z$29
Name data84: '[4]Purchase Order'!$E$40
Name dflt3: '[4]Customize Your Purchase Order'!$F$24
Name dflt4: '[4]Customize Your Purchase Order'!$E$25
Name DRPAUSE: #REF!
Name DSCTEMP: [5]DSCTEMP!$A$1:$B$65536
Name FTBSch: [2]Sheet!#REF!
Name hh: [2]Sheet!#REF!
Name is: '[6]Company Related Premises'!#REF!
Name jngiüorajg: #REF!
Name ll: #REF!
Name new: #REF!
Name PeriodsInYear: #REF!
Name PrintArea: #REF!
Name qqqqqqqqqqqqqqqqqqqqq: #REF!
Name RANDO: #REF!
Name RANDU: #REF!
Name re: [7]Sheet!#REF!
Name Report: #REF!
Name Sale: #REF!
Name SalSch: #REF!
Name Seite1: #REF!
Name Seite2: #REF!
Name Seite3: #REF!
Name Spec: #REF!
Name SR: #REF!
Name SRC: #REF!
Name tes: [2]Sheet!#REF!
Name Test: [2]Sheet!#REF!

Sheet Company information
B2: COMPANY NAME (KHMER) | F2: AUDIT TIMELINE
B3: COMPANY NAME (ENGLISH)
B4: VAT NUMBER | F4: MOC NUMBER
B5: BUSINESS ACTIVITY | F5: MOC DATE OF ISSUE
B6: ADDRESS NAME | F6: PATENT ISSUE DATE | I6: PATENT AMOUNT
B7: REQUEST PERIOD | F7: VAT CERTIFICATE ISSUE DATE
B8: AUDITOR NAME | F8: REQUEST DATE
F9: AMOUNT OF REQUEST
B10: PHONE NUMBER
B11: BANK ACCOUNT NUMBER TO REFUND
B12: BANK NAME:
B13: PERSON TO CONTACT
B14: POSITION

Sheet Annex I-IM State Charge
A1: តារាងឧបសម្ព័ន្ធ I
A2: បញ្ជាក់អំពីអាករលើធាតុចូលដែលមិនអាចស្នើសុំជាឥណទាន
A3: ( ការនាំចូលជាបន្ទុករបស់រដ្ឋ )
A4: ក្រុមហ៊ុន៖ | B4: ='Company information'!D2 -> 0 | G4: សវនករពន្ធដារ៖ | H4: ='Company information'!D8 -> 0
A5: លេខ អតប៖ | B5: ='Company information'!D4 -> 0 | H5: ='Company information'!E8 -> 0
A6: ='Company information'!H8 -> 0 | G6: ទឹកប្រាក់ស្នើសុំបង្វិលសងចំនួន៖ | H6: ='Company information'!H9 -> 0
A7: ល.រ | B7: បរិយាយ | C7: ប្រតិវេទន៍គយនាំចូល/វិក្កយបត្រ | E7: បង្កាន់ដៃទទួលប្រាក់ | G7: ប្រាក់អាករ (រៀល) | H7: ផ្សេងៗ
C8: លេខ | D8: ចុះថ្ងៃទី ខែ ឆ្នាំ | E8: លេខ | F8: ថ្ងៃ ខែ ឆ្នាំ

Sheet Annex II-IM Non-State Charge
A1: តារាងឧបសម្ព័ន្ធ II
A2: តារាងផ្ទៀងផ្ទាត់បញ្ជាក់អំពីអាករលើធាតុចូលដែលអាចស្នើសុំជាឥណទាន
A3: ( ការនាំចូល ឬ អាករគិតជំនួស(Reverse Charge))
A4: ក្រុមហ៊ុន៖ | B4: ='Company information'!D2 -> 0 | G4: សវនករពន្ធដារ៖ | H4: ='Company information'!D8 -> 0
A5: លេខ អតប៖ | B5: ='Company information'!D4 -> 0 | H5: ='Company information'!E8 -> 0
A6: ='Company information'!H8 -> 0 | G6: ទឹកប្រាក់ស្នើសុំបង្វិលសងចំនួន៖ | H6: ='Company information'!H9 -> 0
A7: ល.រ | B7: បរិយាយ | C7: ប្រតិវេទន៍គយនាំចូល/ វិក្កយបត្រ | E7: បង្កាន់ដៃទទួលប្រាក់ | G7: ប្រាក់អាករ (រៀល) | H7: លទ្ធផលផ្ទៀងផ្ទាត់ជាមួយទិន្នន័យពីអគ្គនាយកដ្ឋានគយ/ ឬ អាករគិតជំនួស(Reverse Charge) | I7: ទឹកប្រាក់អនុញ្ញាត
C8: លេខ | D8: ចុះថ្ងៃទី ខែ ឆ្នាំ | E8: លេខ | F8: ថ្ងៃ ខែ ឆ្នាំ
A10: I. ការនាំចូល

Sheet AnnexIII-Local Pur
A1: តារាងឧបសម្ព័ន្ធ III
A2: តារាងផ្ទៀងផ្ទាត់បញ្ជាក់អំពីអាករលើធាតុចូលដែលអាចស្នើសុំជាឥណទាន
A3: (ការទិញក្នុងស្រុក)
A4: ក្រុមហ៊ុន៖ | B4: ='Company information'!D2 -> 0 | I4: សវនករពន្ធដារ៖ | J4: ='Company information'!D8 -> 0
A5: លេខ អតប៖ | B5: ='Company information'!D4 -> 0 | J5: ='Company information'!E8 -> 0 | O5: FOR REPORT | W5: សម្គាល់ផ្សេងៗ | Y5: បញ្ចូលទិន្នន័យ
A6: ='Company information'!H8 -> 0 | I6: ទឹកប្រាក់ស្នើសុំបង្វិលសងចំនួន៖ | J6: ='Company information'!H9 -> 0
A7: ល.រ | B7: បរិយាយ | C7: អ្នកផ្គត់ផ្គង់ | D7: លេខ អតប | E7: វិក្កយបត្រ | G7: ទឹកប្រាក់អាករ | J7: ស្ថានភាព | K7: ស្ថានភាពប្រព័ន្ធ | L7: ស្ថានភាពអ្នកប្រើប្រាស់ | M7: មតិអ្នកប្រើប្រាស់ | N7: ផ្សេង (សម្គាល់) | R7: PURCHASE | S7: SUPPLIER | T7: VAR INVOICE T/F | U7: VAR. DATE T/F | V7: VAR. SUPPLIER & PUCHASER | W7: តេស្តទឹកប្រាក់លម្អៀង | X7: សម្កាល់ | Y7: កាលបរិច្ឆេទ | Z7: លេខវិក្កយបត្រ ឬប្រតិវេទគយ | AA7: លេខលិខិតជូនដំណឹងឥណទាន | AB7: អ្នកទិញ | AE7: តម្លៃសរុបលើវិក្កយបត្រ | AF7: តម្លៃ​​មិន​រួមអតប និងមិនជាប់​អតប​ | AH7: អាករលើតម្លៃបន្ថែមអត្រា ០% | AI7: អាករលើតម្លៃបន្ថែម | AK7: អាករលើតម្លៃបន្ថែម(បន្ទុករដ្ឋ) | AL7: អតប កាត់ទុកដោយរតនាគារជាតិ | AM7: អាករបំភ្លឺសាធារណៈ | AN7: អាករពិសេសលើទំនិញមួយចំនួន | AO7: អាករពិសេសលើសេវាមួយចំនួន | AP7: អាករលើការស្នាក់នៅ | AQ7: អត្រាប្រាក់រំដោះពន្ធលើប្រាក់ចំណូល | AR7: កំណត់សម្គាល់ | AS7: បរិយាយ | AT7: ស្ថានភាពប្រកាសពន្ធ
E8: លេខ | F8: ថ្ងៃ ខែ ឆ្នាំ | G8: ជាដុល្លារអាមេរិក | H8: អត្រា | I8: ជារៀល | O8: បានប្រកាស | P8: នៅខ្វះ | Q8: ស្ថានភាពត្រួតពិនិត្យ | AB8: ប្រភេទ | AC8: លេខសម្គាល់ចុះបញ្ជីពន្ធដា | AD8: ឈ្មោះ | AF8: តម្លៃមិនរួមអតប | AG8: ការលក់មិនជាប់អតប | AI8: ការលក់ក្នុងស្រុក | AJ8: អតបលើការនាំចេញ

Sheet Annex IV-EX
A1: តារាងឧបសម្ព័ន្ធ IV
A2: បញ្ជាក់អំពីការលក់
A3: (ការនាំចេញ/លក់បន្ទុករដ្ឋ/លក់តាមអត្រា០%)
A4: ក្រុមហ៊ុន៖ | B4: ='Company information'!D2 -> 0 | D4: សវនករពន្ធដារ៖ | E4: ='Company information'!D8 -> 0
A5: លេខ អតប ៖ | B5: ='Company information'!D4 -> 0 | E5: ='Company information'!E8 -> 0
A6: ='Company information'!H8 -> 0 | D6: ទឹកប្រាក់ស្នើសុំបង្វិលសងចំនួន៖ | E6: ='Company information'!H9 -> 0
A7: ល.រ | B7: បរិយាយ | C7: ប្រតិវេទន៍គយនាំចេញ/វិក្កយបត្រ | E7: តម្លៃជារៀល
C8: លេខ | D8: ចុះថ្ងៃទី ខែ ឆ្នាំ

Sheet Annex V-Local Sale
A1: តារាងឧបសម្ព័ន្ធ V
A2: បញ្ជាក់អំពីអាករលើធាតុចេញ
A3: ( ការលក់ក្នុងស្រុក )
A4: ក្រុមហ៊ុន៖ | B4: ='Company information'!D2 -> 0 | G4: សវនករពន្ធដារ៖ | H4: ='Company information'!D8 -> 0
A5: លេខ អតប ៖ | B5: ='Company information'!D4 -> 0 | H5: ='Company information'!E8 -> 0
A6: ='Company information'!H8 -> 0 | F6: ទឹកប្រាក់ស្នើសុំបង្វិលសងចំនួន៖ | H6: ='Company information'!H9 -> 0
A7: ល.រ | B7: បរិយាយ | C7: វិក្កយបត្រ | E7: អាករតម្លៃ (ដុល្លា) | F7: អត្រាប្តូរប្រាក់ | G7: អាករតម្លៃ (រៀល) | H7: ផ្សេងៗ
C8: លេខ | D8: ថ្ងៃ ខែ ឆ្នាំ

Sheet Taxpaid
C4: ='Company information'!D7 -> 0
B5: ល.រ | C5: ប្រភេទពន្ធ | D5: ចំនួនទឺកប្រាក់ពន្ធ

Sheet Damco
A1: តារាងឧបសម្ព័ន្ឋ
A2: តារាងប្រៀធៀបវិក្ក័យប័ត្រស្នើសុំបង្វិលសងអាករលើតំលៃបន្ថែម ( Cross checking )
A3: ='Annex I-IM State Charge'!#REF! -> #REF!
A4: ='Annex I-IM State Charge'!#REF! -> #REF!
A5: ល.រ | B5: ក្រុមហ៊ុនស្នើសុំបង្វិលសង | E5: អ្នកផ្គត់ផ្គង់ | J5: ផ្សេងៗ
B6: វិក្កយបត្រ | E6: សហគ្រាស | F6: លេខអតប | G6: វិក្កយបត្រ
B7: លេខ | C7: ថ្ងៃទី ខែ ឆ្នាំ | D7: ប្រាក់អាករ | G7: លេខ | H7: ថ្ងៃទី ខែ ឆ្នាំ | I7: ប្រាក់អាករ
A8: 1 | B8: 030209 | C8: 41246 | D8: 58.25 | E8: A P L Logistics | F8: 100046460 | G8: 030209 | H8: 41246 | I8: 58.25 | J8: បានបង់
A9: 2 | B9: 030231 | C9: 41248 | D9: 4 | E9: A P L Logistics | F9: 100046460 | G9: 030231 | H9: 41248 | I9: 4 | J9: បានបង់
A10: 3 | B10: 030241 | C10: 41254 | D10: 49.75 | E10: A P L Logistics | F10: 100046460 | G10: 030241 | H10: 41254 | I10: 49.75 | J10: បានបង់
A11: 4 | B11: 030262 | C11: 41254 | D11: 181.79 | E11: A P L Logistics | F11: 100046460 | G11: 030262 | H11: 41254 | I11: 181.79 | J11: បានបង់
A12: 5 | B12: 030302 | C12: 41260 | D12: 46.69 | E12: A P L Logistics | F12: 100046460 | G12: 030302 | H12: 41260 | I12: 46.69 | J12: បានបង់
A13: 6 | B13: 030328 | C13: 41260 | D13: 236.64 | E13: A P L Logistics | F13: 100046460 | G13: 030328 | H13: 41260 | I13: 236.64 | J13: បានបង់
A14: 7 | B14: 030343 | C14: 41261 | D14: 4 | E14: A P L Logistics | F14: 100046460 | G14: 030343 | H14: 41261 | I14: 4 | J14: បានបង់
A15: 8 | B15: 030353 | C15: 41261 | D15: 10 | E15: A P L Logistics | F15: 100046460 | G15: 030353 | H15: 41261 | I15: 10 | J15: បានបង់
A16: 9 | B16: 030450 | C16: 41274 | D16: 87.52 | E16: A P L Logistics | F16: 100046460 | G16: 030450 | H16: 41274 | I16: 87.52 | J16: បានបង់
A17: 10 | B17: 030469 | C17: 41274 | D17: 39.29 | E17: A P L Logistics | F17: 100046460 | G17: 030469 | H17: 41274 | I17: 39.29 | J17: បានបង់
A18: Total 12/2012 | D18: =SUM(D8:D17) -> 717.93 | H18: USD | I18: =SUM(I8:I17) -> 717.93
A19: Total 12/2012 | G19: 3995 | H19: RIEL | I19: =I18*G19 -> 2868130.3
A20: 1 | B20: 029920 | C20: 41218 | D20: 77 | E20: A P L Logistics | F20: 100046460 | G20: 029920 | H20: 41218 | I20: 77 | J20: បានបង់
A21: 2 | B21: 029981 | C21: 41225 | D21: 115.89 | E21: A P L Logistics | F21: 100046460 | G21: 029981 | H21: 41225 | I21: 115.89 | J21: បានបង់
A22: 3 | B22: 030003 | C22: 41225 | D22: 82.91 | E22: A P L Logistics | F22: 100046460 | G22: 030003 | H22: 41225 | I22: 82.91 | J22: បានបង់
A23: 4 | B23: 030044 | C23: 41232 | D23: 55.32 | E23: A P L Logistics | F23: 100046460 | G23: 030044 | H23: 41232 | I23: 55.32 | J23: បានបង់
A24: 5 | B24: 030062 | C24: 41232 | D24: 32.03 | E24: A P L Logistics | F24: 100046460 | G24: 030062 | H24: 41232 | I24: 32.03 | J24: បានបង់
A25: Total 11/2012 | D25: =SUM(D20:D24) -> 363.15 | H25: USD | I25: =SUM(I20:I24) -> 363.15
A26: Total 11/2012 | G26: 3999 | H26: RIEL | I26: =I25*G26 -> 1452236.8
A27: 1 | B27: 029638 | C27: 41183 | D27: 89.93 | E27: A P L Logistics | F27: 100046460 | G27: 029638 | H27: 41183 | I27: 89.93 | J27: បានបង់
A28: 2 | B28: 029716 | C28: 41190 | D28: 49.63 | E28: A P L Logistics | F28: 100046460 | G28: 029716 | H28: 41190 | I28: 49.63 | J28: បានបង់
A29: 3 | B29: 029766 | C29: 41197 | D29: 115.81 | E29: A P L Logistics | F29: 100046460 | G29: 029766 | H29: 41197 | I29: 115.81 | J29: បានបង់
A30: 4 | B30: 029816 | C30: 41204 | D30: 101.98 | E30: A P L Logistics | F30: 100046460 | G30: 029816 | H30: 41204 | I30: 101.98 | J30: បានបង់
A31: 5 | B31: 029869 | C31: 41211 | D31: 67.28 | E31: A P L Logistics | F31: 100046460 | G31: 029869 | H31: 41211 | I31: 67.28 | J31: បានបង់
A32: Total 10/2012 | D32: =SUM(D27:D31) -> 424.63 | H32: USD | I32: =SUM(I27:I31) -> 424.63
A33: Total 10/2012 | G33: 4028 | H33: RIEL | I33: =I32*G33 -> 1710409.6
A34: 1 | B34: 029426 | C34: 41162 | D34: 206.96 | E34: A P L Logistics | F34: 100046460 | G34: 029426 | H34: 41162 | I34: 206.96 | J34: បានបង់
A35: 2 | B35: 029501 | C35: 41169 | D35: 69.7 | E35: A P L Logistics | F35: 100046460 | G35: 029501 | H35: 41169 | I35: 69.7 | J35: បានបង់
A36: 3 | B36: 029565 | C36: 41176 | D36: 46.66 | E36: A P L Logistics | F36: 100046460 | G36: 029565 | H36: 41176 | I36: 46.66 | J36: បានបង់
A37: Total 09/2012 | D37: =SUM(D34:D36) -> 323.32 | H37: USD | I37: =SUM(I34:I36) -> 323.32
A38: Total 09/2012 | G38: 4044 | H38: RIEL | I38: =I37*G38 -> 1307506.1
A39: 1 | B39: 029026 | C39: 41127 | D39: 37.84 | E39: A P L Logistics | F39: 100046460 | G39: 029026 | H39: 41127 | I39: 37.84 | J39: បានបង់
A40: 2 | B40: 029107 | C40: 41134 | D40: 95.46 | E40: A P L Logistics | F40: 100046460 | G40: 029107 | H40: 41134 | I40: 95.46 | J40: បានបង់
A41: 3 | B41: 029223 | C41: 41141 | D41: 106.66 | E41: A P L Logistics | F41: 100046460 | G41: 029223 | H41: 41141 | I41: 106.66 | J41: បានបង់
A42: 4 | B42: 029278 | C42: 41148 | D42: 32.8 | E42: A P L Logistics | F42: 100046460 | G42: 029278 | H42: 41148 | I42: 32.8 | J42: បានបង់
A43: Total 08/2012 | D43: =SUM(D39:D42) -> 272.76 | H43: USD | I43: =SUM(I39:I42) -> 272.76
A44: Total 08/2012 | G44: 4053 | H44: RIEL | I44: =I43*G44 -> 1105496.3
A45: 1 | B45: 028640 | C45: 41092 | D45: 29.26 | E45: A P L Logistics | F45: 100046460 | G45: 028640 | H45: 41092 | I45: 29.26 | J45: បានបង់
A46: 2 | B46: 028709 | C46: 41099 | D46: 24.66 | E46: A P L Logistics | F46: 100046460 | G46: 028709 | H46: 41099 | I46: 24.66 | J46: បានបង់
A47: 3 | B47: 028809 | C47: 41106 | D47: 31.02 | E47: A P L Logistics | F47: 100046460 | G47: 028809 | H47: 41106 | I47: 31.02 | J47: បានបង់
A48: 4 | B48: 028874 | C48: 41113 | D48: 209.58 | E48: A P L Logistics | F48: 100046460 | G48: 028874 | H48: 41113 | I48: 209.58 | J48: បានបង់
A49: 5 | B49: 028550 | C49: 41115 | D49: 66.92 | E49: A P L Logistics | F49: 100046460 | G49: 028550 | H49: 41115 | I49: 66.92 | J49: បានបង់
A50: 6 | B50: 028948 | C50: 41120 | D50: 73.23 | E50: A P L Logistics | F50: 100046460 | G50: 028948 | H50: 41120 | I50: 73.23 | J50: បានបង់
A51: 7 | B51: 028961 | C51: 41120 | D51: 27.84 | E51: A P L Logistics | F51: 100046460 | G51: 028961 | H51: 41120 | I51: 27.84 | J51: បានបង់
A52: Total 07/2012 | D52: =SUM(D45:D51) -> 462.51 | H52: USD | I52: =SUM(I45:I51) -> 462.51
A53: Total 07/2012 | G53: 4073 | H53: RIEL | I53: =I52*G53 -> 1883803.2
A54: 1 | B54: 030377 | C54: 41267 | D54: 53.34 | E54: A P L Logistics | F54: 100046460 | G54: 030377 | H54: 41267 | I54: 53.34 | J54: បានបង់
A55: 2 | B55: 030407 | C55: 41267 | D55: 63.05 | E55: A P L Logistics | F55: 100046460 | G55: 030407 | H55: 41267 | I55: 63.05 | J55: បានបង់
A56: 3 | B56: 030516 | C56: 41281 | D56: 81 | E56: A P L Logistics | F56: 100046460 | G56: 030516 | H56: 41281 | I56: 81 | J56: បានបង់
A57: 4 | B57: 030532 | C57: 41281 | D57: 335.98 | E57: A P L Logistics | F57: 100046460 | G57: 030532 | H57: 41281 | I57: 335.98 | J57: បានបង់
A58: 5 | B58: 030562 | C58: 41282 | D58: 10 | E58: A P L Logistics | F58: 100046460 | G58: 030562 | H58: 41282 | I58: 10 | J58: បានបង់
A59: 6 | B59: 030586 | C59: 41285 | D59: 7.2 | E59: A P L Logistics | F59: 100046460 | G59: 030586 | H59: 41285 | I59: 7.2 | J59: បានបង់
A60: 7 | B60: 030614 | C60: 41286 | D60: 217.03 | E60: A P L Logistics | F60: 100046460 | G60: 030614 | H60: 41288 | I60: 217.03 | J60: បានបង់
A61: 8 | B61: 030638 | C61: 41289 | D61: 10 | E61: A P L Logistics | F61: 100046460 | G61: 030638 | H61: 41289 | I61: 10 | J61: បានបង់
A62: 9 | B62: 030758 | C62: 41296 | D62: 25.25 | E62: A P L Logistics | F62: 100046460 | G62: 030758 | H62: 41296 | I62: 25.25 | J62: បានបង់
A63: 10 | B63: 030848 | C63: 41302 | D63: 357.23 | E63: A P L Logistics | F63: 100046460 | G63: 030848 | H63: 41302 | I63: 357.23 | J63: បានបង់
A64: Total 01/2013 | D64: =SUM(D54:D63) -> 1160.08 | H64: USD | I64: =SUM(I54:I63) -> 1160.08
A65: Total 01/2013 | G65: 3995 | H65: RIEL | I65: =I64*G65 -> 4634519.6
A66: 1 | B66: 030891 | C66: 41310 | D66: 28.52 | E66: A P L Logistics | F66: 100046460 | G66: 030891 | H66: 41310 | I66: 28.52 | J66: បានបង់
A67: 2 | B67: 030911 | C67: 41310 | D67: 374.87 | E67: A P L Logistics | F67: 100046460 | G67: 030911 | H67: 41310 | I67: 374.87 | J67: បានបង់
A68: 3 | B68: 030965 | C68: 41312 | D68: 10 | E68: A P L Logistics | F68: 100046460 | G68: 030965 | H68: 41312 | I68: 10 | J68: បានបង់
A69: 4 | B69: 030999 | C69: 41316 | D69: 115 | E69: A P L Logistics | F69: 100046460 | G69: 030999 | H69: 41316 | I69: 115 | J69: បានបង់
A70: 5 | B70: 031026 | C70: 41317 | D70: 4 | E70: A P L Logistics | F70: 100046460 | G70: 031026 | H70: 41317 | I70: 4 | J70: បានបង់
A71: 6 | B71: 031069 | C71: 41323 | D71: 266.83 | E71: A P L Logistics | F71: 100046460 | G71: 031069 | H71: 41323 | I71: 266.83 | J71: បានបង់
A72: 7 | B72: 031108 | C72: 41326 | D72: 20 | E72: A P L Logistics | F72: 100046460 | G72: 031108 | H72: 41326 | I72: 20 | J72: បានបង់
A73: 8 | B73: 031138 | C73: 41331 | D73: 142.19 | E73: A P L Logistics | F73: 100046460 | G73: 031138 | H73: 41331 | I73: 142.19 | J73: បានបង់
A74: Total 02/2013 | D74: =SUM(D66:D73) -> 961.41 | H74: USD | I74: =SUM(I66:I73) -> 961.41
A75: Total 02/2013 | G75: 3995 | H75: RIEL | I75: =I74*G75 -> 3840833
A76: 1 | B76: 031210 | C76: 41337 | D76: 115.18 | E76: A P L Logistics | F76: 100046460 | G76: 031210 | H76: 41337 | I76: 115.18 | J76: បានបង់
A77: 2 | B77: 031195 | C77: 41337 | D77: 107.71 | E77: A P L Logistics | F77: 100046460 | G77: 031195 | H77: 41337 | I77: 107.71 | J77: បានបង់
A78: 3 | B78: 031383 | C78: 41344 | D78: 109.81 | E78: A P L Logistics | F78: 100046460 | G78: 031383 | H78: 41344 | I78: 109.81 | J78: បានបង់
A79: 4 | B79: 031454 | C79: 41351 | D79: 307.84 | E79: A P L Logistics | F79: 100046460 | G79: 031454 | H79: 41351 | I79: 307.84 | J79: បានបង់
A80: 5 | B80: 031507 | C80: 41354 | D80: 8 | E80: APL Logistics | F80: 100046460 | G80: 031507 | H80: 41354 | I80: 8 | J80: បានបង់
A81: 6 | B81: 031511 | C81: 41354 | D81: 10 | E81: APL Logistics | F81: 100046460 | G81: 031511 | H81: 41354 | I81: 10 | J81: បានបង់
A82: 7 | B82: 031543 | C82: 41358 | D82: 190.8 | E82: A P L Logistics | F82: 100046460 | G82: 031543 | H82: 41358 | I82: 190.8 | J82: បានបង់
A83: 8 | B83: 031588 | C83: 41360 | D83: 8 | E83: APL Logistics | F83: 100046460 | G83: 031588 | H83: 41360 | I83: 8 | J83: បានបង់
A84: 9 | B84: 031592 | C84: 41360 | D84: 10 | E84: APL Logistics | F84: 100046460 | G84: 031592 | H84: 41360 | I84: 10 | J84: បានបង់
A85: Total 03/2013 | D85: =SUM(D76:D84) -> 867.34 | H85: USD | I85: =SUM(I76:I84) -> 867.34
A86: Total 03/2013 | G86: 3995 | H86: RIEL | I86: =I85*G86 -> 3465023.3
A87: 1 | B87: 031616 | C87: 41365 | D87: 40.32 | E87: APL Logistics | F87: 100046460 | G87: 031616 | H87: 41365 | I87: 40.32 | J87: បានបង់
A88: 2 | B88: 031641 | C88: 41366 | D88: 168.98 | E88: A P L Logistics | F88: 100046460 | G88: 031641 | H88: 41366 | I88: 168.98 | J88: បានបង់
A89: 3 | B89: 031704 | C89: 41372 | D89: 104.23 | E89: A P L Logistics | F89: 100046460 | G89: 031704 | H89: 41372 | I89: 104.23 | J89: បានបង់
A90: 4 | B90: 031730 | C90: 41372 | D90: 222.39 | E90: A P L Logistics | F90: 100046460 | G90: 031730 | H90: 41372 | I90: 222.39 | J90: បានបង់
A91: 5 | B91: 031771 | C91: 41374 | D91: 10 | E91: APL Logistics | F91: 100046460 | G91: 031771 | H91: 41374 | I91: 10 | J91: បានបង់
A92: 6 | B92: 31799 | C92: 41382 | D92: 149.76 | E92: A P L Logistics | F92: 100046460 | G92: 31799 | H92: 41382 | I92: 149.76 | J92: បានបង់
A93: 7 | B93: 31883 | C93: 41386 | D93: 144.43 | E93: A P L Logistics | F93: 100046460 | G93: 31883 | H93: 41386 | I93: 144.43 | J93: បានបង់
A94: 8 | B94: 31901 | C94: 41387 | D94: 8 | E94: APL Logistics | F94: 100046460 | G94: 31901 | H94: 41387 | I94: 8 | J94: បានបង់
A95: 9 | B95: 031922 | C95: 41394 | D95: 134.76 | E95: A P L Logistics | F95: 100046460 | G95: 031922 | H95: 41394 | I95: 134.76 | J95: បានបង់
A96: 10 | B96: 31940 | C96: 41394 | D96: 155.38 | E96: A P L Logistics | F96: 100046460 | G96: 31940 | H96: 41394 | I96: 155.38 | J96: បានបង់
A97: Total 04/2013 | D97: =SUM(D87:D96) -> 1138.25 | H97: USD | I97: =SUM(I87:I96) -> 1138.25
A98: Total 04/2013 | G98: 4000 | H98: RIEL | I98: =I97*G98 -> 4553000
A99: 1 | B99: 031981 | C99: 41397 | D99: 20 | E99: APL Logistics | F99: 100046460 | G99: 031981 | H99: 41397 | I99: 20 | J99: បានបង់
A100: 2 | B100: 031984 | C100: 41400 | D100: 25 | E100: APL Logistics | F100: 100046460 | G100: 031984 | H100: 41400 | I100: 25 | J100: បានបង់
...

Sheet Chea Fat
A1: តារាងឧបសម្ព័ន្ឋ
A2: តារាងប្រៀធៀបវិក្ក័យប័ត្រស្នើសុំបង្វិលសងអាករលើតំលៃបន្ថែម ( Cross checking )
A3: នាមករណ៏សហគ្រាស : Maurea Garments Corp
A4: VAT TIN : 1 0 0 0 5 2 9 6 7
A5: ល.រ | B5: ក្រុមហ៊ុនស្នើសុំបង្វិលសង | E5: អ្នកផ្គត់ផ្គង់ | J5: ផ្សេងៗ
B6: វិក័យបត្រ័ | E6: សហគ្រាស | F6: លេខអតប | G6: វិក័យបត្រ័
B7: លេខ | C7: ថ្ងៃទី ខែ ឆ្នាំ | D7: ប្រាក់អាករ | G7: លេខ | H7: ថ្ងៃទី ខែ ឆ្នាំ | I7: ប្រាក់អាករ
A8: 1 | B8: 07-0360 | C8: 41842 | D8: 41.5 | E8: YUSEN LOGISTICS | F8: 104015799 | G8: 07-0360 | H8: 41842 | I8: 41.5
A9: 2 | B9: 07-0367 | C9: 41842 | D9: 64.57 | E9: YUSEN LOGISTICS | F9: 104015799 | G9: 07-0367 | H9: 41842 | I9: 64.57
A10: 3 | B10: 07-0368 | C10: 41842 | D10: 59.11 | E10: YUSEN LOGISTICS | F10: 104015799 | G10: 07-0368 | H10: 41842 | I10: 59.11
A11: 4 | B11: 07-0517 | C11: 41849 | D11: 75.93 | E11: YUSEN LOGISTICS | F11: 104015799 | G11: 07-0517 | H11: 41849 | I11: 75.93
A12: 5 | B12: 08-0039 | C12: 41856 | D12: 46.05 | E12: YUSEN LOGISTICS | F12: 104015799 | G12: 08-0039 | H12: 41856 | I12: 46.05
A13: 6 | B13: 08-0044 | C13: 41856 | D13: 41.5 | E13: YUSEN LOGISTICS | F13: 104015799 | G13: 08-0044 | H13: 41856 | I13: 41.5
A14: 7 | B14: 08-0185 | C14: 41864 | D14: 27.9 | E14: YUSEN LOGISTICS | F14: 104015799 | G14: 08-0185 | H14: 41864 | I14: 27.9
A15: 8 | B15: 08-0677 | C15: 41882 | D15: 143 | E15: YUSEN LOGISTICS | F15: 104015799 | G15: 08-0677 | H15: 41882 | I15: 143
A16: 9 | B16: 08-0685 | C16: 41882 | D16: 60.33 | E16: YUSEN LOGISTICS | F16: 104015799 | G16: 08-0685 | H16: 41882 | I16: 60.33
A17: 10 | B17: 09-0111 | C17: 41892 | D17: 27.53 | E17: YUSEN LOGISTICS | F17: 104015799 | G17: 09-0111 | H17: 41892 | I17: 27.53
A18: 11 | B18: 09-0117 | C18: 41892 | D18: 53.64 | E18: YUSEN LOGISTICS | F18: 104015799 | G18: 09-0117 | H18: 41892 | I18: 53.64
A19: 12 | B19: 09-0199 | C19: 41898 | D19: 34.77 | E19: YUSEN LOGISTICS | F19: 104015799 | G19: 09-0199 | H19: 41898 | I19: 34.77
... A40: 33 | B40: 502-0531 | C40: 42059 | D40: 102.92 | E40: YUSEN LOGISTICS | F40: 104015799 | G40: 502-0531 | H40: 42059 | I40: 102.92
A41: TOTAL 7/2012-02/2015 | D41: =SUM(D8:D40) -> 1831.45 | I41: =SUM(I8:I40) -> 1831.45
E44: YUSEN LOGISTICS | F44: 104015799 | G44: 2-00309 | H44: 41619 | I44: 5

Sheet S G L CAMBODIA
A1: តារាងឧបសម្ព័ន្ឋ
A2: តារាងប្រៀធៀបវិក្ក័យប័ត្រស្នើសុំបង្វិលសងអាករលើតំលៃបន្ថែម ( Cross checking )
A3: នាមករណ៏សហគ្រាស : Maurea Garments Corp
A4: VAT TIN : 1 0 0 0 5 2 9 6 7
A5: ល.រ | B5: ក្រុមហ៊ុនស្នើសុំបង្វិលសង | E5: អ្នកផ្គត់ផ្គង់ | J5: ផ្សេងៗ
B6: វិក័យបត្រ័ | E6: សហគ្រាស | F6: លេខអតប | G6: វិក័យបត្រ័
B7: លេខ | C7: ថ្ងៃទី ខែ ឆ្នាំ | D7: ប្រាក់អាករ | G7: លេខ | H7: ថ្ងៃទី ខែ ឆ្នាំ | I7: ប្រាក់អាករ
A8: 1 | B8: 227231 | C8: 41246 | D8: 8.5 | E8: S G L CAMBODIA | F8: 100119816 | G8: 227231 | H8: 41246 | I8: 8.5
A9: 2 | B9: 227288 | C9: 41246 | D9: 52.36 | E9: S G L CAMBODIA | F9: 100119816 | G9: 227288 | H9: 41246 | I9: 52.36
A10: 3 | B10: 227430 | C10: 41255 | D10: 21.2 | E10: S G L CAMBODIA | F10: 100119816 | G10: 227430 | H10: 41255 | I10: 21.2
A11: 4 | B11: 227461 | C11: 41255 | D11: 29.57 | E11: S G L CAMBODIA | F11: 100119816 | G11: 227461 | H11: 41255 | I11: 29.57
A12: 5 | B12: 227539 | C12: 41260 | D12: 34.24 | E12: S G L CAMBODIA | F12: 100119816 | G12: 227539 | H12: 41260 | I12: 34.24
A13: 6 | B13: 227543 | C13: 41260 | D13: 8.93 | E13: S G L CAMBODIA | F13: 100119816 | G13: 227543 | H13: 41260 | I13: 8.93
A14: 7 | B14: 227552 | C14: 41260 | D14: 27.62 | E14: S G L CAMBODIA | F14: 100119816 | G14: 227552 | H14: 41260 | I14: 27.62
A15: 8 | B15: 227583 | C15: 41261 | D15: 57.77 | E15: S G L CAMBODIA | F15: 100119816 | G15: 227583 | H15: 41261 | I15: 57.77
A16: 9 | B16: 227586 | C16: 41261 | D16: 24 | E16: S G L CAMBODIA | F16: 100119816 | G16: 227586 | H16: 41261 | I16: 24
A17: 10 | B17: 227605 | C17: 41261 | D17: 28.88 | E17: S G L CAMBODIA | F17: 100119816 | G17: 227605 | H17: 41261 | I17: 28.88
A18: 11 | B18: 227826 | C18: 41274 | D18: 24 | E18: S G L CAMBODIA | F18: 100119816 | G18: 227826 | H18: 41274 | I18: 24
A19: 12 | B19: 227862 | C19: 41274 | D19: 36.26 | E19: S G L CAMBODIA | F19: 100119816 | G19: 227862 | H19: 41274 | I19: 36.26
... A458: 455 | B458: 443954 | C458: 42002 | D458: 44.24 | E458: S G L CAMBODIA | F458: 100119816 | G458: 443954 | H458: 42002 | I458: 44.24
A459: TOTAL 7/2012-02/2015 | D459: =SUM(D8:D458) -> 16281.5 | I459: =SUM(I8:I458) -> 16281.5

Sheet Sheet3
A1: តារាងឧបសម្ព័ន្ឋ
A2: តារាងប្រៀធៀបវិក្ក័យប័ត្រស្នើសុំបង្វិលសងអាករលើតំលៃបន្ថែម ( Cross checking )
A3: នាមករណ៏សហគ្រាស : Maurea Garments Corp
A4: VAT TIN : 1 0 0 0 5 2 9 6 7
A5: ល.រ | B5: ក្រុមហ៊ុនស្នើសុំបង្វិលសង | E5: អ្នកផ្គត់ផ្គង់ | J5: ផ្សេងៗ
B6: វិក័យបត្រ័ | E6: សហគ្រាស | F6: លេខអតប | G6: វិក័យបត្រ័
B7: លេខ | C7: ថ្ងៃទី ខែ ឆ្នាំ | D7: ប្រាក់អាករ | G7: លេខ | H7: ថ្ងៃទី ខែ ឆ្នាំ | I7: ប្រាក់អាករ

Sheet Sale - June
A1: សៀវភៅទិនានុប្បវត្តិលក់- នាំចេញ
A2: ខែ​​ មិថុនា ឆ្នាំ ២០១៥
A3: ជី អេវើរហ្រ្គីន( ខេមបូឌា​ ) នីតធីង | K3: Vat:100193102
A4: ភូមិជ្រៃកោង សង្កាត់ចោមចៅ ខណ្ឌ ពោធិសែនជ័យ ក្រុង ភ្នំពេញ | K4: Average: | L4: 4088
A5: វិក្ក័យប័ត្រ | I5: ការផ្គត់ផ្គង់
A6: កាលបរិចេ្ឆទ | B6: វិក្ក័យប័ត្រ | C6: អ្នកទិញ | D6: លេខ អតប | E6: បរិយាយ | F6: បរិមាណ | I6: karlk;Cab;Gakr | M6: សរុបថ្លៃទិញ
D7: TIN | G7: ការផ្គត់ផ្គង់ | H7: ការនាំចេញ | I7: lk;;»übuKþlCab;Gakr | K7: lk;;»üGñkeRbIR)as; | M7: រួមទាំអាករ
G8: មិនជាប់អាករ | H8: អត្រា​​ 0 % | I8: តំលៃជាប់អាករ | J8: អាករ | K8: តំលៃជាប់អាករ | L8: អាករ
A9: 42160 | B9: E 55119 | C9: LPP S.A | E9: Men's Top | F9: 137 CT | H9: 41519138 | M9: =G9+H9 -> 41519138
A10: 42160 | B10: E 53624 | C10: PRIMARK | E10: See Val Note | F10: 655 CT | H10: 157610622 | M10: =G10+H10 -> 157610622
A11: 42160 | B11: E 9812 | C11: SMYK SP Z.O.O | E11: Girls Knitted Dress | F11: 518 CT | H11: 75926121 | M11: =G11+H11 -> 75926121
A12: 42164 | B12: E 10122 | C12: SMYK SP Z.O.O | E12: Girls Knitted Sweat Shirt | F12: 404 CT | H12: 109260590 | M12: =G12+H12 -> 109260590
A13: 42167 | B13: E 57854 | C13: PRIMARK | E13: Men's Long Sleeve Hoodie | F13: 550 CT | H13: 136860570 | M13: =G13+H13 -> 136860570
A14: 42167 | B14: E 57078 | C14: LPP S.A | E14: Men's Top | F14: 1094 CT | H14: 189450332 | M14: =G14+H14 -> 189450332
A15: 42174 | B15: E 60607 | C15: CAPRI SRL | E15: Men's Hoody | F15: 827 CT | H15: 267888456 | M15: =G15+H15 -> 267888456
A16: 42174 | B16: E 59730 | C16: LPP S.A | E16: Men's Jogging Top | F16: 815 CT | H16: 233561904 | M16: =G16+H16 -> 233561904
A17: 42174 | B17: E 60079 | C17: LPP S.A | E17: Men's Sweater +Top | F17: 400 CT | H17: 106100285 | M17: =G17+H17 -> 106100285
A18: 42175 | B18: E 61426 | C18: VISAGE LIMITED | E18: Men's Pari / Monica / Leyton Crew | F18: 556 CT | H18: 145296432 | M18: =G18+H18 -> 145296432
A19: 42175 | B19: E 61432 | C19: PRIMARK STORES LIMITED | E19: See Val Note | F19: 1220 CT | H19: 299682480 | M19: =G19+H19 -> 299682480
A20: 42181 | B20: E 63424 | C20: PRIMARK US CORP | E20: Men Chest Print Zip | F20: 37 CT | H20: 6493691 | M20: =G20+H20 -> 6493691
... A22: 42181 | B22: E 63568 | C22: VISAGE LIMITED | E22: Men's Morgan Crew + Connect Crew+ Leyton | F22: 338 CT | H22: 94840834 | M22: =G22+H22 -> 94840834
A23: =L4 -> 4088 | E23: Riel | F23: =SUM(F9:F22) -> 0 | H23: =SUM(H9:H22) -> 1890852742 | M23: =SUM(M9:M22) -> 1890852742
A24: Total USD | E24: USD | G24: =G23/L4 -> 0 | H24: =H23/L4 -> 462537.36 | I24: =I23*4034 -> 0 | J24: =J23*4034 -> 0 | K24: =K23*4034 -> 0 | L24: =L23*4034 -> 0 | M24: =M23/L4 -> 462537.36
G25: Box 12 | H25: Box 13 | I25: Box 14 | J25: Box 15 | K25: Box 14 | L25: Box 15
H26: Approved By :
N27: =H23*1% -> 18908527
H28: =H24*1% -> 4625.3736
G29: Sales
G30: July | H30: ='Sale - Jul'!H30 -> 3379679902 | I30: 21 invoices
G31: Aug | H31: ='Sale - Aug'!I47 -> 5225078447 | I31: 38 invoices
G32: June | H32: =H23 -> 1890852742 | I32: 14 invoices
G33: Total: | H33: =SUM(H30:H32) -> 10495611091 | I33: =14+38+21 -> 73
H37: =H24*1% -> 4625.3736

Sheet Sale - Jul
A1: សៀវភៅទិនានុប្បវត្តិលក់- នាំចេញ
A2: ខែ​​ កក្កដា ឆ្នាំ ២០១៥
A3: ជី អេវើរហ្រ្គីន( ខេមបូឌា​ ) នីតធីង | K3: Vat:100193102
A4: ភូមិជ្រៃកោង សង្កាត់ចោមចៅ ខណ្ឌ ពោធិសែនជ័យ ក្រុង ភ្នំពេញ | K4: Average: | L4: 4099
A5: វិក្ក័យប័ត្រ | I5: ការផ្គត់ផ្គង់
A6: កាលបរិចេ្ឆទ | B6: វិក្ក័យប័ត្រ | C6: អ្នកទិញ | D6: លេខ អតប | E6: បរិយាយ | F6: បរិមាណ | I6: karlk;Cab;Gakr | M6: សរុបថ្លៃទិញ
D7: TIN | G7: ការផ្គត់ផ្គង់ | H7: ការនាំចេញ | I7: lk;;»übuKþlCab;Gakr | K7: lk;;»üGñkeRbIR)as; | M7: រួមទាំអាករ
G8: មិនជាប់អាករ | H8: អត្រា​​ 0 % | I8: តំលៃជាប់អាករ | J8: អាករ | K8: តំលៃជាប់អាករ | L8: អាករ
A9: 42188 | B9: E 65884 | C9: LPP S.A | E9: Men's Jogging Top | F9: 1841 CT | H9: 469164366 | M9: =G9+H9 -> 469164366
A10: 42188 | B10: E 65884 | C10: LPP S.A | E10: Men's Knit Trousers | F10: 631 CT | H10: 224637197 | M10: =G10+H10 -> 224637197
A11: 42188 | B11: E 65484 | C11: Primark Tiendas Slu | E11: Men's Zip Thru Hoody | F11: 343 CT | H11: 88553682 | M11: =G11+H11 -> 88553682
A12: 42189 | B12: E 67494 | C12: PRIMARK | E12: Men's Long Sleeve Zip Thru Hoodie | F12: 1093 CT | H12: 282184182 | M12: =G12+H12 -> 282184182
A13: 42194 | B13: E 68109 | C13: PRIMARK STORES LIMITED | E13: 7B (Boy) Core Hoody | F13: 600 CT | H13: 137692800 | M13: =G13+H13 -> 137692800
A14: 42194 | B14: E 68146 | C14: PRIMARK | E14: Men's Zip Thru Hoody | F14: 772 CT | H14: 199310328 | M14: =G14+H14 -> 199310328
A15: 42195 | B15: E 69396 | C15: LPP S.A | E15: Men's Knit Sweater + Jogging Top | F15: 1133 CT | H15: 222232983 | M15: =G15+H15 -> 222232983
A16: 42195 | B16: E 69396 | C16: LPP S.A | E16: Men's Knit Trousers | F16: 39 CT | H16: 15787217 | M16: =G16+H16 -> 15787217
A17: 42195 | B17: E 69549 | C17: PRIMARK STORES LIMITED | E17: Men + Boy Hoodies | F17: 638 CT | H17: 147298512 | M17: =G17+H17 -> 147298512
A18: 42196 | B18: E 70637 | C18: LPP S.A | E18: Ladies Jogging Top | F18: 490 CT | H18: 108300780 | M18: =G18+H18 -> 108300780
A19: 42196 | B19: E 70637 | C19: LPP S.A | E19: Men's Knit Trousers | F19: 99 CT | H19: 39649873 | M19: =G19+H19 -> 39649873
A20: 42196 | B20: E 70627 | C20: Primark Tiendas Slu | E20: Men's Zip Thru Hoody | F20: 2066 CT | H20: 532736694 | M20: =G20+H20 -> 532736694
... A29: 42203 | B29: E 73524 | C29: VDR FASHION GROUP BV | E29: Ladies Knitted Blazer | F29: 191 CT | H29: 114575606 | M29: =G29+H29 -> 114575606
A30: =L4 -> 4099 | E30: Riel | F30: =SUM(F9:F29) -> 0 | H30: =SUM(H9:H29) -> 3379679902 | M30: =SUM(M9:M29) -> 3379679902
A31: Total USD | E31: USD | G31: =G30/L4 -> 0 | H31: =H30/L4 -> 824513.27 | I31: =I30*4034 -> 0 | J31: =J30*4034 -> 0 | K31: =K30*4034 -> 0 | L31: =L30*4034 -> 0 | M31: =M30/L4 -> 824513.27
G32: Box 12 | H32: Box 13 | I32: Box 14 | J32: Box 15 | K32: Box 14 | L32: Box 15
H33: Approved By :
H35: =H31*1% -> 8245.1327
H44: =H31*1% -> 8245.1327

Sheet Sale - Aug
A1: សៀវភៅទិនានុប្បវត្តិលក់- នាំចេញ
A2: ខែ​​ សីហា ឆ្នាំ ២០១៥
A3: ជី អេវើរហ្រ្គីន( ខេមបូឌា​ ) នីតធីង | L3: Vat:100193102
A4: ភូមិជ្រៃកោង សង្កាត់ចោមចៅ ខណ្ឌ ពោធិសែនជ័យ ក្រុង ភ្នំពេញ | L4: Average: | M4: 4095
A5: វិក្ក័យប័ត្រ | J5: ការផ្គត់ផ្គង់
A6: កាលបរិចេ្ឆទ | B6: វិក្ក័យប័ត្រ | C6: អ្នកទិញ | D6: លេខ អតប | E6: បរិយាយ | F6: បរិមាណ | J6: karlk;Cab;Gakr | N6: សរុបថ្លៃទិញ
D7: TIN | F7: ការផ្គត់ផ្គង់ | I7: ការនាំចេញ | J7: lk;;»übuKþlCab;Gakr | L7: lk;;»üGñkeRbIR)as; | N7: រួមទាំអាករ
F8: មិនជាប់អាករ | I8: អត្រា​​ 0 % | J8: តំលៃជាប់អាករ | K8: អាករ | L8: តំលៃជាប់អាករ | M8: អាករ
A9: 42202 | B9: E 72202 | C9: Primark Us Corp | E9: Men Zip Thru Hoody | F9: 65 | G9: CT | I9: 16764930 | N9: =H9+I9 -> 16764930
A10: 42203 | B10: E 13027 | C10: LPP S.A | E10: Ladies Knit Jogging Top | F10: 64 | G10: CT | I10: 26424115 | N10: =H10+I10 -> 26424115
A11: 42208 | B11: E 13359 | C11: VDR Fashion Group BV | E11: Ladies Knit Shirt | F11: 36 | G11: CT | I11: 29192000 | N11: =H11+I11 -> 29192000
A12: 42209 | B12: E 74804 | C12: Primark Us Corp | E12: Boy Hoody | F12: 305 | G12: CT | I12: 70028000 | N12: =H12+I12 -> 70028000
A13: 42209 | B13: E 74578 | C13: LPP S.A | E13: Men's Jogging Top | F13: 904 | G13: CT | I13: 242980473 | N13: =H13+I13 -> 242980473
A14: 42210 | B14: E 76431 | C14: Primark | E14: Men Zip Thru Hoody | F14: 700 | G14: CT | I14: 180986400 | N14: =H14+I14 -> 180986400
A15: 42210 | B15: E 76547 | C15: Primark Stores Limited | E15: 7/2Boy Core Hoody | F15: 800 | G15: CT | I15: 174420000 | N15: =H15+I15 -> 174420000
A16: 42210 | B16: E 65557 | C16: LPP S.A | E16: Ladies Jogging Top | F16: 680 | G16: CT | I16: 178829338 | N16: =H16+I16 -> 178829338
A17: 42210 | B17: E 65557 | C17: LPP S.A | E17: Men's Knit Trousers | F17: 93 | G17: CT | I17: 36022203 | N17: =H17+I17 -> 36022203
A18: 42215 | B18: E 76966 | C18: Primark | E18: See Val Note | F18: 355 | G18: CT | I18: 89531330 | N18: =H18+I18 -> 89531330
A19: 42215 | B19: E 76966 | C19: Primark | E19: Ladies Nylon Zip Back Fl Legging | F19: 267 | G19: CT | I19: 191743220 | N19: =H19+I19 -> 191743220
A20: 42216 | B20: E 78298 | C20: Primark Us Corp | E20: Mens Hoody | F20: 70 | G20: CT | I20: 18116280 | N20: =H20+I20 -> 18116280
... A41: 42237 | B41: E 87246 | C41: Primark Stores Limited | E41: Boy's Hoody | F41: 200 | G41: CT | I41: 41197900 | N41: =H41+I41 -> 41197900
A42: 42237 | B42: E 87199 | C42: Primakr Tiendas S.l.u. | E42: Men's Knit Chest Print Zip Thru | F42: 250 | G42: CT | I42: =15750*4079 -> 64244250 | N42: =H42+I42 -> 64244250
A43: 42237 | B43: E 87074 | C43: Primark 47 Mary Street Dublin1. | E43: Men's Knit Chest Print Zip Thru | F43: 192 | G43: CT | I43: 49339584 | N43: =H43+I43 -> 49339584
A44: 42237 | B44: E 86097 | C44: Primark Stores Limited | E44: See Val Note | F44: 756 | G44: CT | I44: 178378749 | N44: =H44+I44 -> 178378749
A45: 42237 | B45: E 86347 | C45: LPP S.A | E45: Men's Jogging Top | F45: 725 | G45: CT | I45: 162100480 | N45: =H45+I45 -> 162100480
A46: 42237 | B46: E 86347 | C46: LPP S.A | E46: Men's Knit Trousers | F46: 531 | G46: CT | I46: 203679970 | N46: =H46+I46 -> 203679970
A47: =M4 -> 4095 | E47: Riel | I47: =SUM(I9:I46) -> 5225078447 | N47: =SUM(N9:N46) -> 5225078447
A48: Total USD | E48: USD | H48: =H47/M4 -> 0 | I48: =I47/M4 -> 1275965.4 | J48: =J47*4034 -> 0 | K48: =K47*4034 -> 0 | L48: =L47*4034 -> 0 | M48: =M47*4034 -> 0 | N48: =N47/M4 -> 1275965.4
H49: Box 12 | J49: Box 14 | K49: Box 15 | L49: Box 14 | M49: Box 15
I50: Approved By :
I52: =I48*1% -> 12759.654
I61: =I48*1% -> 12759.654
